date,total_volume_usd,total_pnl,trade_count,pnl_volatility,daily_win_rate,total_gross_profit,total_gross_loss,profit_factor,avg_pnl_per_trade,sharpe_ratio,timestamp,sentiment_value,classification
2023-05-01,477.0,0.0,3,0.0,0.0,0.0,0.0,0.0,0.0,0.0,1682919000,63,Greed
2023-12-05,50005.83,0.0,9,0.0,0.0,0.0,0.0,0.0,0.0,0.0,1701754200,75,Extreme Greed
2023-12-14,113203.35,-205.43473700000007,11,179.66353383090035,0.36363636363636365,321.79839300000003,527.2331300000001,0.6103531335369611,-18.675885181818188,-0.1039492254415744,1702531800,72,Greed
2023-12-15,10609.95,-24.632033999999997,2,4.474304424985184,0.0,0.0,24.632033999999997,0.0,-12.316016999999999,-2.7526104239187483,1702618200,70,Greed
2023-12-16,15348.77,0.0,3,0.0,0.0,0.0,0.0,0.0,0.0,0.0,1702704600,67,Greed
2023-12-17,116278.02,304.982785,14,43.51261683426808,0.5,329.708097,24.725312,13.334840708986807,21.78448464285714,0.5006475415126243,1702791000,73,Greed
2023-12-18,31164.179999999997,0.0,2,0.0,0.0,0.0,0.0,0.0,0.0,0.0,1702877400,65,Greed
2023-12-19,91602.41,1000.5386120000001,15,183.73537011741135,0.6666666666666666,1000.5386120000001,0.0,0.0,66.70257413333334,0.36303611052520146,1702963800,73,Greed
2023-12-20,141636.79,162.732282,18,21.3481314287044,0.4444444444444444,162.732282,0.0,0.0,9.040682333333333,0.4234882272261711,1703050200,74,Greed
2023-12-21,125233.97,537.211402,49,20.811624735703514,0.5306122448979592,537.3765539999999,0.165152,3253.8301322418133,10.963498000000001,0.5267968329830348,1703136600,70,Greed
2023-12-22,88874.28,141.832675,10,40.92671758278208,0.2,141.832675,0.0,0.0,14.1832675,0.3465527737794178,1703223000,74,Greed
2023-12-23,78438.25,146.936704,13,11.478402785910806,0.6153846153846154,146.936704,0.0,0.0,11.302823384615383,0.9847034988604043,1703309400,70,Greed
2023-12-24,402954.94,1008.619956,39,52.267012077476366,0.38461538461538464,1018.197996,9.578040000000001,106.3054650011902,25.862050153846155,0.49480636305573306,1703395800,71,Greed
2023-12-25,59948.51,-245.081348,3,141.49778224115633,0.0,0.0,245.081348,0.0,-81.69378266666666,-0.5773502691896258,1703482200,73,Greed
2023-12-27,171411.06,-704.8892269999999,28,153.67464419092525,0.14285714285714285,790.0414470000001,1494.930674,0.5284803240314006,-25.174615249999995,-0.16381762510361225,1703655000,73,Greed
2023-12-28,100117.25,-970.730876,23,55.01514381004261,0.0,0.0,970.730876,0.0,-42.20569026086957,-0.7671649538279536,1703741400,73,Greed
2023-12-29,569559.72,508.92214299999995,50,78.11192586732814,0.3,911.5949499999999,402.67280700000003,2.2638602213831636,10.178442859999999,0.13030587515263575,1703827800,65,Greed
2023-12-30,702550.21,354.998648,52,68.40190063585914,0.4423076923076923,948.738152,593.739504,1.5979030292045382,6.826897076923077,0.09980566348976759,1703914200,68,Greed
2024-01-01,264239.52999999997,-129.53146,18,85.84776860469921,0.05555555555555555,281.677062,411.208522,0.684998113925275,-7.196192222222223,-0.08382503516612441,1704087000,65,Greed
2024-01-02,121348.74,783.979116,17,134.42834386429288,0.47058823529411764,1036.773337,252.794221,4.101254106596053,46.11641858823529,0.3430557668313641,1704173400,71,Greed
2024-01-03,394499.36,866.015507,67,50.415365667933756,0.417910447761194,930.452863,64.437356,14.439649929149795,12.925604582089552,0.2563822440012722,1704259800,70,Greed
2024-01-04,99792.54000000001,-67.60364,5,29.544005214373353,0.0,0.0,67.60364,0.0,-13.520728,-0.4576470895497296,1704346200,68,Greed
2024-01-05,1703942.66,164.141565,66,60.7235758141571,0.19696969696969696,722.328622,558.187057,1.294061933077033,2.486993409090909,0.04095597757125316,1704432600,72,Greed
2024-01-06,298521.4,135.58166400000002,22,37.338371573804935,0.45454545454545453,264.882624,129.30096,2.0485743029286096,6.16280290909091,0.1650528035725714,1704519000,70,Greed
2024-01-07,1048850.06,-835.681235,97,34.037905927281535,0.09278350515463918,169.47484,1005.156075,0.16860549740994205,-8.615270463917525,-0.25310812252443377,1704605400,71,Greed
2024-01-08,1522452.43,-269.874439,128,122.41963598502315,0.25,1927.638756,2197.513195,0.8771909813265081,-2.1083940546875,-0.017222678679958185,1704691800,71,Greed
2024-01-09,870051.97,-826.349863,70,214.1803231936485,0.2571428571428571,1292.281649,2118.631512,0.6099605531591848,-11.804998042857143,-0.05511709883911138,1704778200,76,Extreme Greed
2024-01-10,2057479.48,-1517.091342,193,119.7894328095249,0.21243523316062177,2397.390185,3914.481527,0.6124413076071722,-7.860576901554404,-0.06561995258841713,1704864600,73,Greed
2024-01-11,305314.1,-164.08950099999998,21,101.92627878710132,0.23809523809523808,300.274083,464.363584,0.6466357254232925,-7.813785761904761,-0.07666115014584039,1704951000,76,Extreme Greed
2024-01-12,200082.27,-1925.519024,7,669.9280140108323,0.0,0.0,1925.519024,0.0,-275.0741462857143,-0.41060254315811684,1705037400,71,Greed
2024-01-15,50636.1,152.85358,14,33.645786328134285,0.6428571428571429,152.85358,0.0,0.0,10.918112857142857,0.32450164043315094,1705296600,52,Neutral
2024-01-16,116427.33,-2299.171458,9,883.8757688873994,0.3333333333333333,939.6285419999999,3238.8,0.29011625972582433,-255.4634953333333,-0.2890264721872671,1705383000,64,Greed
2024-01-17,800831.03,813.2741110000001,53,75.6265391448607,0.20754716981132076,922.252191,108.97808,8.462731138225228,15.344794547169812,0.20290224464426768,1705469400,60,Greed
2024-01-18,424631.52999999997,68.93319,46,39.503091785872144,0.06521739130434782,238.8017,169.86851000000001,1.4058032298040408,1.4985476086956522,0.037934944859976547,1705555800,63,Greed
2024-01-19,428428.97,-385.419235,48,51.79852685525565,0.125,202.95494,588.374175,0.3449419580660555,-8.029567395833334,-0.15501536208299768,1705642200,51,Neutral
2024-01-20,1070090.51,-146.57487000000003,106,38.554282761934644,0.14150943396226415,501.281436,647.856306,0.7737540429219809,-1.3827817924528305,-0.03586584144208426,1705728600,52,Neutral
2024-01-21,103129.74,266.58114600000005,11,65.56080670770307,0.2727272727272727,312.18234600000005,45.601200000000006,6.845923923054657,24.234649636363642,0.36965148620595284,1705815000,56,Greed
2024-01-22,337878.99,1375.640959,85,80.41613478472654,0.27058823529411763,1870.476284,494.835325,3.7799974850219114,16.18401128235294,0.20125328487470123,1705901400,55,Greed
2024-01-23,414518.93000000005,-369.2447299999998,45,613.9643726523253,0.24444444444444444,2991.0421850000002,3360.286915,0.8901151183395303,-8.20543844444444,-0.013364681746917913,1705987800,50,Neutral
2024-01-24,965084.59,-2808.353815,68,149.8053621490879,0.14705882352941177,490.365895,3298.71971,0.14865339832101104,-41.29932080882353,-0.2756865322866214,1706074200,48,Neutral
2024-01-25,66566.13,-3093.6293849999997,6,356.6379016697523,0.0,0.0,3093.6293849999997,0.0,-515.6048975,-1.445737806009894,1706160600,52,Neutral
2024-01-26,11773.21,90.2,5,40.33866631409621,0.2,90.2,0.0,0.0,18.04,0.44721359549995787,1706247000,49,Neutral
2024-01-28,18109.03,-2478.06972,11,262.6842407250483,0.0,0.0,2478.06972,0.0,-225.27906545454545,-0.8576040375804087,1706419800,54,Neutral
2024-01-29,414208.18,486.562542,74,28.607026832226527,0.6081081081081081,486.562542,0.0,0.0,6.5751694864864865,0.22984455969675935,1706506200,55,Greed
2024-01-30,401011.38,-173.65419100000003,49,55.423048103905174,0.10204081632653061,402.63474099999996,576.288932,0.6986681829940123,-3.5439630816326537,-0.06394385012871462,1706592600,61,Greed
2024-01-31,6305647.13,-799.840817,859,21.84950915114784,0.2689173457508731,1136.471936,1936.312753,0.5869258125988286,-0.93113017112922,-0.04261561047838478,1706679000,60,Greed
2024-02-01,2008.18,0.0,6,0.0,0.0,0.0,0.0,0.0,0.0,0.0,1706765400,63,Greed
2024-02-02,474278.43,456.423473,42,41.93124714430262,0.30952380952380953,591.644639,135.22116599999998,4.375384834353522,10.867225547619048,0.25916771590934246,1706851800,63,Greed
2024-02-03,603820.0,223.30918699999998,56,68.62663189543068,0.10714285714285714,553.96576,330.656573,1.675350817840842,3.9876640535714283,0.05810665544023204,1706938200,60,Greed
2024-02-04,203187.53,47.62389499999999,35,31.922762604224417,0.2571428571428571,312.585267,264.961372,1.1797390111642387,1.360682714285714,0.04262421555287485,1707024600,60,Greed
2024-02-05,770198.26,-33.45419400000003,72,46.10792460482958,0.19444444444444445,643.948726,677.40292,0.95061403927813,-0.4646415833333337,-0.010077260846493723,1707111000,60,Greed
2024-02-06,8047153.41,-215.615907,1088,12.69131338108202,0.1645220588235294,1836.08367,2051.699577,0.8949086360317557,-0.19817638511029412,-0.015615120292096848,1707197400,64,Greed
2024-02-07,6758.73,241.24212,15,56.54657345272468,0.13333333333333333,241.24212,0.0,0.0,16.082808,0.2844170215450085,1707283800,62,Greed
2024-02-08,26051.12,770.756024,10,139.74567826297627,0.4,770.756024,0.0,0.0,77.07560240000001,0.5515419393146281,1707370200,66,Greed
2024-02-11,212311.82,983.443176,34,108.62231864377547,0.20588235294117646,983.443176,0.0,0.0,28.924799294117648,0.26628780949683,1707629400,71,Greed
2024-02-12,227247.69999999998,913.8817869999998,16,828.6571214700353,0.375,4436.415156,3522.533369,1.2594387877323185,57.11761168749999,0.06892791989305964,1707715800,70,Greed
2024-02-13,1999.99,559.44389,14,37.98023035380744,1.0,559.44389,0.0,0.0,39.960277857142856,1.0521336359703495,1707802200,79,Extreme Greed
2024-02-14,320839.88,3830.599833,111,46.39591290180694,0.7477477477477478,3830.611633,0.0118,324628.10449152545,34.509908405405405,0.7438135440602869,1707888600,74,Greed
2024-02-15,185188.04,1840.797677,63,316.49357810076214,0.9047619047619048,4308.295536,2467.497859,1.7460179429480913,29.219010746031746,0.09232102250343065,1707975000,72,Greed
2024-02-16,564896.51,5491.768834,182,123.4402416266129,0.8021978021978022,5491.768834,0.0,0.0,30.174554032967034,0.2444466539869572,1708061400,72,Greed
2024-02-17,406118.07,1929.6418,94,60.99818527497303,0.648936170212766,2218.323283,288.68148299999996,7.684328277473899,20.52810425531915,0.33653631108500587,1708147800,76,Extreme Greed
2024-02-18,157048.17,477.6248299999999,97,82.70537448739243,0.6288659793814433,1970.0248299999998,1492.4,1.3200380796033233,4.923967319587628,0.05953624356465776,1708234200,72,Greed
2024-02-19,286377.2,4317.768563,101,118.65122386431476,0.7623762376237624,4326.152743,8.38418,515.9899647908322,42.750183792079206,0.36030124595231117,1708320600,75,Extreme Greed
2024-02-20,119419.72,3263.628824,39,192.32028933388216,0.7948717948717948,3263.643314,0.01449,225234.18316080055,83.68279035897436,0.43512200740138696,1708407000,72,Greed
2024-02-21,108047.51999999999,1858.7985700000002,22,124.40293552909927,0.6818181818181818,1858.7985700000002,0.0,0.0,84.49084409090909,0.6791708228713439,1708493400,78,Extreme Greed
2024-02-22,373033.87,3894.1050699999996,88,227.58249822355432,0.45454545454545453,5505.905032,1611.799962,3.415997742776966,44.25119397727272,0.1944402329822602,1708579800,74,Greed
2024-02-23,111106.14,1418.55293,143,13.037213323027334,0.958041958041958,1418.5565,0.00357,397354.7619047619,9.91995055944056,0.7608950098192515,1708666200,76,Extreme Greed
2024-02-25,4480.13,-30.7705,5,8.951179489427636,0.0,0.0,30.7705,0.0,-6.1541,-0.6875183328933012,1708839000,74,Greed
2024-02-26,192187.14,4416.8473,39,224.52232628850106,0.8717948717948718,4416.8473,0.0,0.0,113.25249487179488,0.5044152924296291,1708925400,72,Greed
2024-02-27,209362.3,888.511733,63,91.69654366328295,0.4126984126984127,1976.402523,1087.89079,1.8167287940731625,14.103360841269842,0.1538047158359481,1709011800,79,Extreme Greed
2024-02-28,171107.13,2503.747235,45,130.75309252773027,0.8666666666666667,2503.747235,0.0,0.0,55.63882744444444,0.42552590052617295,1709098200,82,Extreme Greed
2024-02-29,395666.73,9813.996992,116,149.76818963391887,0.8620689655172413,9813.996992,0.0,0.0,84.60342234482759,0.5648958069909591,1709184600,80,Extreme Greed
2024-03-01,472974.7,8244.241409,137,111.95860869453276,0.9343065693430657,8244.241409,0.0,0.0,60.176944591240876,0.537492786780044,1709271000,80,Extreme Greed
2024-03-02,63197.56,230.90060000000005,31,250.64780257055287,0.6774193548387096,1674.715167,1443.814567,1.159923999436972,7.448406451612905,0.029716623785346417,1709357400,80,Extreme Greed
2024-03-03,390745.68,8361.086245,79,199.82398269178753,0.6835443037974683,8361.086245,0.0,0.0,105.83653474683545,0.529648810523809,1709443800,83,Extreme Greed
2024-03-04,1577996.87,27799.775742,300,152.8211043688667,0.8866666666666667,27799.820932,0.04519,615176.3870767868,92.66591914,0.6063686002185327,1709530200,82,Extreme Greed
2024-03-05,841810.32,19791.026041,180,195.65804028577477,0.9055555555555556,19791.026041,0.0,0.0,109.95014467222222,0.5619505567551987,1709616600,90,Extreme Greed
2024-03-06,327218.02,6814.825139,82,146.9693030530839,0.8780487804878049,6814.825139,0.0,0.0,83.10762364634145,0.5654760682666079,1709703000,75,Extreme Greed
2024-03-08,183583.18,4271.886236,67,148.75855367571137,0.8805970149253731,4271.886236,0.0,0.0,63.7594960597015,0.42861062093071334,1709875800,81,Extreme Greed
2024-03-09,658178.75,9949.501624,117,154.56552113291943,0.8290598290598291,10137.400424,187.8988,53.95138459638912,85.03847541880343,0.5501775220986972,1709962200,84,Extreme Greed
2024-03-10,219973.85,2482.9272,42,207.7542700001469,0.6904761904761905,3269.4678,786.5406,4.156769275483045,59.117314285714286,0.2845540276292395,1710048600,79,Extreme Greed
2024-03-11,176519.44999999998,3588.179495,42,196.10462239183906,0.9285714285714286,3588.179495,0.0,0.0,85.43284511904761,0.4356493185986366,1710135000,82,Extreme Greed
2024-03-12,103040.85,3039.166,8,521.6006618377291,0.875,3039.166,0.0,0.0,379.89575,0.7283268174191585,1710221400,81,Extreme Greed
2024-03-13,6000.799999999999,0.0,7,0.0,0.0,0.0,0.0,0.0,0.0,0.0,1710307800,81,Extreme Greed
2024-03-14,205933.18,3465.865832,18,254.30826281723253,0.8888888888888888,3465.865832,0.0,0.0,192.5481017777778,0.7571444971733348,1710394200,88,Extreme Greed
2024-03-15,351894.41,6236.513651,62,195.43403376403242,0.6612903225806451,6236.513651,0.0,0.0,100.58892985483871,0.5146950503835481,1710480600,83,Extreme Greed
2024-03-16,37223.66,228.57984,8,80.815177453268,0.125,228.57984,0.0,0.0,28.57248,0.3535533905932738,1710567000,81,Extreme Greed
2024-03-17,99506.95,503.293955,23,43.52556412856168,0.43478260869565216,503.293955,0.0,0.0,21.882345869565217,0.5027469788773149,1710653400,79,Extreme Greed
2024-03-18,90458.08,1456.9577,19,275.58147845163944,0.3157894736842105,1456.9577,0.0,0.0,76.68198421052631,0.2782552174455472,1710739800,77,Extreme Greed
2024-03-19,219884.84,668.797973,24,103.69610917201797,0.20833333333333334,842.799493,174.00152,4.8436329349306835,27.86658220833333,0.2687331514252516,1710826200,79,Extreme Greed
2024-03-20,215705.85,6423.134599,69,320.69467412818193,0.8695652173913043,6423.134599,0.0,0.0,93.08890723188406,0.2902726946898917,1710912600,74,Greed
2024-03-21,117895.57,2335.5080749999997,28,153.73594964500796,0.8214285714285714,2335.5080749999997,0.0,0.0,83.41100267857142,0.5425601680750402,1710999000,78,Extreme Greed
2024-03-24,92592.20999999999,1297.018477,19,84.64288646631248,0.7894736842105263,1297.018477,0.0,0.0,68.26413036842105,0.8064957755852277,1711258200,74,Greed
2024-03-25,57116.32,1302.916428,7,173.14631124356953,0.8571428571428571,1302.916428,0.0,0.0,186.13091828571427,1.0749921089793184,1711344600,75,Extreme Greed
2024-03-26,198565.19,3215.906593,118,39.504335702364344,0.9322033898305084,3215.906593,0.0,0.0,27.253445703389833,0.6898849257642043,1711431000,81,Extreme Greed
2024-03-27,99864.79,150.41114,38,13.739361367709469,0.3157894736842105,189.192,38.78086,4.878489027834865,3.9581878947368416,0.28809111201045023,1711517400,83,Extreme Greed
2024-03-28,35323.72,227.85100799999998,13,21.04651492781009,0.6923076923076923,227.85100799999998,0.0,0.0,17.527000615384615,0.8327744843031034,1711603800,80,Extreme Greed
2024-03-29,86914.37,883.097404,15,95.5086831563824,0.4,883.097404,0.0,0.0,58.873160266666666,0.6164168358417205,1711690200,79,Extreme Greed
2024-03-30,101103.92,1100.57514,45,52.44350104198017,0.9777777777777777,1100.57514,0.0,0.0,24.45722533333333,0.46635378735976685,1711776600,75,Extreme Greed
2024-03-31,39912.96,912.786145,13,112.05139600499244,0.7692307692307693,912.786145,0.0,0.0,70.21431884615384,0.6266260068997753,1711863000,75,Extreme Greed
2024-04-01,339470.47,2507.963406,77,92.06770180124278,0.5454545454545454,2547.853896,39.89049,63.87121080738793,32.57095332467532,0.35377176455419745,1711949400,79,Extreme Greed
2024-04-02,239664.50999999998,883.760812,41,78.23542802217051,0.2926829268292683,883.760812,0.0,0.0,21.555141756097562,0.2755163779507824,1712035800,79,Extreme Greed
2024-04-03,16887.57,126.7884,4,63.3942,0.25,126.7884,0.0,0.0,31.6971,0.5,1712122200,71,Greed
2024-04-04,95987.73,0.0,32,0.0,0.0,0.0,0.0,0.0,0.0,0.0,1712208600,70,Greed
2024-04-05,503791.8,10706.484306,100,304.1028007265851,0.9,10706.484306,0.0,0.0,107.06484306,0.35206792835907036,1712295000,79,Extreme Greed
2024-04-06,68223.67,236.33513399999998,16,42.149058574016486,0.25,236.33513399999998,0.0,0.0,14.770945874999999,0.35044545180199593,1712381400,75,Extreme Greed
2024-04-07,49988.14,0.0,23,0.0,0.0,0.0,0.0,0.0,0.0,0.0,1712467800,78,Extreme Greed
2024-04-08,211940.64,1218.4267,30,222.45326275219327,0.03333333333333333,1218.4267,0.0,0.0,40.614223333333335,0.18257418583505539,1712554200,76,Extreme Greed
2024-04-09,57063.840000000004,0.0,3,0.0,0.0,0.0,0.0,0.0,0.0,0.0,1712640600,80,Extreme Greed
2024-04-10,351735.97,5207.443414,41,197.76893722954745,0.8780487804878049,5207.443414,0.0,0.0,127.01081497560976,0.6422182206915042,1712727000,78,Extreme Greed
2024-04-11,76400.96,389.743164,16,69.72639235953248,0.125,389.743164,0.0,0.0,24.35894775,0.3493504672434099,1712813400,76,Extreme Greed
2024-04-12,442088.59,-592.6458390000001,129,122.96278242038903,0.5503875968992248,3120.353074,3712.998913,0.8403862072447636,-4.594153790697676,-0.037362148938619805,1712899800,79,Extreme Greed
2024-04-13,486411.25,6621.451755,89,185.05277424135176,0.6853932584269663,6621.451755,0.0,0.0,74.3983343258427,0.4020384705435975,1712986200,72,Greed
2024-04-14,659162.17,-36104.012520000004,107,2139.677020173523,0.308411214953271,1318.594646,37422.607166,0.03523524270104832,-337.4206777570094,-0.15769701435109368,1713072600,72,Greed
2024-04-15,291111.19,3774.08872,41,165.5095385447801,0.8536585365853658,3774.08872,0.0,0.0,92.05094439024391,0.5561670052347992,1713159000,74,Greed
2024-04-16,181907.17,2467.702221,47,103.5102238356102,0.9148936170212766,2467.702221,0.0,0.0,52.504302574468085,0.5072378421077788,1713245400,65,Greed
2024-04-17,97562.99,2441.4683999999997,14,232.6697853775852,0.9285714285714286,2441.4683999999997,0.0,0.0,174.39059999999998,0.7495197527130237,1713331800,67,Greed
2024-04-19,337257.92000000004,1946.4454620000001,35,114.02941773198246,0.7714285714285715,1946.4454620000001,0.0,0.0,55.61272748571429,0.4877050904217349,1713504600,66,Greed
2024-04-20,60733.24,0.0,22,0.0,0.0,0.0,0.0,0.0,0.0,0.0,1713591000,66,Greed
2024-04-22,47993.61,0.0,9,0.0,0.0,0.0,0.0,0.0,0.0,0.0,1713763800,73,Greed
2024-04-23,233054.9,1119.536196,66,69.72604971216398,0.5303030303030303,1119.536196,0.0,0.0,16.962669636363636,0.24327593067995693,1713850200,71,Greed
2024-04-24,141275.24,279.185907,20,47.020172247729526,0.3,292.95984,13.773933,21.269149486933035,13.95929535,0.29687886459569607,1713936600,72,Greed
2024-04-25,120241.01,0.0,74,0.0,0.0,0.0,0.0,0.0,0.0,0.0,1714023000,72,Greed
2024-04-26,4988.290000000001,0.0,3,0.0,0.0,0.0,0.0,0.0,0.0,0.0,1714109400,70,Greed
2024-04-27,154264.47,4281.488139,27,205.65189595972714,0.7037037037037037,4281.488139,0.0,0.0,158.57363477777778,0.7710779131782539,1714195800,67,Greed
2024-04-28,43985.6,0.0,58,0.0,0.0,0.0,0.0,0.0,0.0,0.0,1714282200,65,Greed
2024-04-29,108699.01,526.9338359999999,45,34.303515225260476,0.37777777777777777,526.9338359999999,0.0,0.0,11.709640799999999,0.34135396104761984,1714368600,67,Greed
2024-04-30,125018.75,0.0,24,0.0,0.0,0.0,0.0,0.0,0.0,0.0,1714455000,67,Greed
2024-05-01,87025.45,0.0,14,0.0,0.0,0.0,0.0,0.0,0.0,0.0,1714541400,54,Neutral
2024-05-03,282682.64999999997,5306.017045,36,280.85451321791754,0.4722222222222222,5319.880525,13.86348,383.73341505884525,147.3893623611111,0.5247890114792293,1714714200,48,Neutral
2024-05-04,58998.75,0.0,9,0.0,0.0,0.0,0.0,0.0,0.0,0.0,1714800600,67,Greed
2024-05-05,24068.350000000002,0.916,6,0.37395543406489856,0.16666666666666666,0.916,0.0,0.0,0.15266666666666667,0.408248290463863,1714887000,69,Greed
2024-05-06,206016.43,968.59038,9,237.64601629026436,0.4444444444444444,968.59038,0.0,0.0,107.62115333333333,0.45286327544360455,1714973400,71,Greed
2024-05-07,108717.58,883.537693,18,57.79243416391551,0.5,883.537693,0.0,0.0,49.08542738888889,0.849340023465163,1715059800,68,Greed
2024-05-08,65973.57,1.56576,13,1.641780493282545,0.07692307692307693,4.7394,3.17364,1.493364086663894,0.12044307692307693,0.07336125469627508,1715146200,64,Greed
2024-05-09,221966.12,1147.595856,28,92.95513364107583,0.39285714285714285,1147.595856,0.0,0.0,40.985566285714285,0.44091772751325725,1715232600,55,Greed
2024-05-10,156882.0,2101.741695,22,240.61922882162773,0.2727272727272727,2101.741695,0.0,0.0,95.53371340909092,0.39703274703748037,1715319000,66,Greed
2024-05-11,63248.95,251.604742,9,38.73340875071258,1.0,251.604742,0.0,0.0,27.956082444444444,0.721756316991598,1715405400,53,Neutral
2024-05-12,55179.56,0.0,23,0.0,0.0,0.0,0.0,0.0,0.0,0.0,1715491800,56,Greed
2024-05-13,193118.9,2136.853859,28,243.34956677379947,0.35714285714285715,2136.853859,0.0,0.0,76.31620925,0.3136073355780335,1715578200,57,Greed
2024-05-14,145853.4,1150.5233050000002,23,172.16967241498202,0.17391304347826086,1150.5233050000002,0.0,0.0,50.02275239130436,0.2905433441885984,1715664600,66,Greed
2024-05-15,234922.57,948.970582,36,49.856725134153635,0.4722222222222222,948.970582,0.0,0.0,26.360293944444447,0.5287209272874344,1715751000,64,Greed
2024-05-16,162620.96,214.5898,27,22.074222982345514,0.18518518518518517,214.5898,0.0,0.0,7.94777037037037,0.3600475711750681,1715837400,70,Greed
2024-05-18,126303.14,3522.3946610000003,25,227.39973415277277,0.64,3522.3946610000003,0.0,0.0,140.89578644000002,0.6195952117751499,1716010200,73,Greed
2024-05-19,29998.09,0.0,8,0.0,0.0,0.0,0.0,0.0,0.0,0.0,1716096600,72,Greed
2024-05-20,38124.75,-74.818442,10,17.723593661416892,0.0,0.0,74.818442,0.0,-7.4818442,-0.42214035950776096,1716183000,70,Greed
2024-05-21,1100948.59,7289.397571999999,125,423.27708989145884,0.112,7816.965299999999,527.567728,14.816989146841824,58.31518057599999,0.13777069907316217,1716269400,76,Extreme Greed
2024-05-22,44995.29,0.0,6,0.0,0.0,0.0,0.0,0.0,0.0,0.0,1716355800,76,Extreme Greed
2024-05-23,401850.6,413.347329,325,5.578175006741024,0.4461538461538462,511.453354,98.106025,5.213271600801276,1.2718379353846154,0.2280025158492957,1716442200,76,Extreme Greed
2024-05-24,50811.899999999994,821.949278,2,255.14111984227185,1.0,821.949278,0.0,0.0,410.974639,1.6107738307884845,1716528600,74,Greed
2024-05-25,29991.129999999997,14.126038999999999,16,1.5788774135169148,0.3125,14.126038999999999,0.0,0.0,0.8828774374999999,0.5591804847808988,1716615000,76,Extreme Greed
2024-05-26,53976.67,778.6839,16,184.14441743928418,0.25,778.6839,0.0,0.0,48.66774375,0.26429117117300965,1716701400,75,Extreme Greed
2024-05-27,151115.72,1129.35587,251,10.695100246439745,0.35856573705179284,1133.846846,4.490976,252.47225681010096,4.499425776892431,0.4206997291484228,1716787800,74,Greed
2024-05-29,84268.76,277.791953,164,4.9605585779682295,0.4146341463414634,278.704753,0.9128000000000001,305.3294840052585,1.6938533719512194,0.3414642414413331,1716960600,72,Greed
2024-05-30,2838.09,20.951433,7,3.7577088098581393,0.7142857142857143,20.951433,0.0,0.0,2.9930618571428576,0.7965124517606917,1717047000,73,Greed
2024-05-31,3636.14,25.35812,13,3.8342365986890954,0.3076923076923077,25.35812,0.0,0.0,1.9506246153846154,0.5087387189542564,1717133400,73,Greed
2024-06-01,12834.62,91.510419,25,7.909299454844354,0.36,91.510419,0.0,0.0,3.66041676,0.46279911146340996,1717219800,72,Greed
2024-06-02,29464.51,192.906947,93,4.425015055071825,0.3655913978494624,192.906947,0.0,0.0,2.074268247311828,0.4687595909836197,1717306200,73,Greed
2024-06-03,21466.86,562.808208,70,11.849209775400267,0.6285714285714286,562.808208,0.0,0.0,8.040117257142859,0.6785361563802058,1717392600,73,Greed
2024-06-04,24243.41,52.211438,53,2.4828445149485265,0.4716981132075472,52.211438,0.0,0.0,0.9851214716981133,0.3967713103929653,1717479000,73,Greed
2024-06-05,25350.77,56.055506,54,2.9096994557928553,0.2962962962962963,56.062466,0.00696,8054.9520114942525,1.038064925925926,0.35676018836215745,1717565400,75,Extreme Greed
2024-06-06,137557.76,274.173187,234,3.3659483181601715,0.42735042735042733,274.525639,0.352452,778.9022022857014,1.1716802863247862,0.3480981214129951,1717651800,78,Extreme Greed
2024-06-07,1098588.76,8902.467416,440,103.25220050843622,0.4,8902.844036,0.37662,23638.7978227391,20.23288049090909,0.19595592530985295,1717738200,77,Extreme Greed
2024-06-08,97351.88,129.13883900000002,29,13.610694021064663,0.27586206896551724,129.13883900000002,0.0,0.0,4.453063413793104,0.3271738683494976,1717824600,72,Greed
2024-06-09,22410.22,0.0,17,0.0,0.0,0.0,0.0,0.0,0.0,0.0,1717911000,75,Extreme Greed
2024-06-10,46587.93,31.266804999999998,53,1.9665257227845954,0.33962264150943394,31.266804999999998,0.0,0.0,0.589939716981132,0.2999908468757677,1717997400,72,Greed
2024-06-11,373279.92,4320.631811,123,169.7310786091785,0.13821138211382114,4320.631811,0.0,0.0,35.12708789430894,0.20695731260385325,1718083800,74,Greed
2024-06-12,193407.96,-21886.531493,254,276.1864377273308,0.08267716535433071,47.585014,21934.116507,0.0021694520490403084,-86.16744682283463,-0.3119901452507408,1718170200,72,Greed
2024-06-13,132577.22,6632.757115,79,192.75704215520875,0.24050632911392406,6634.160155,1.40304,4728.418402183829,83.95895082278481,0.4355687858873697,1718256600,70,Greed
2024-06-14,139868.66,10258.592609,31,997.7044158485279,0.4838709677419355,10258.592609,0.0,0.0,330.9223422258064,0.3316837501860343,1718343000,74,Greed
2024-06-15,718350.25,3369.958346,78,86.67556232059664,0.48717948717948717,3369.958346,0.0,0.0,43.20459417948718,0.4984633848659844,1718429400,74,Greed
2024-06-16,25235.079999999998,0.0,11,0.0,0.0,0.0,0.0,0.0,0.0,0.0,1718515800,71,Greed
2024-06-17,368380.12,10599.502375,38,315.144564194019,0.6578947368421053,10706.688025,107.18565,99.88919248985289,278.9342730263158,0.8850994264796829,1718602200,71,Greed
2024-06-18,263314.79,282.57636,25,29.448076746454035,0.16,282.57636,0.0,0.0,11.3030544,0.38382996951952214,1718688600,74,Greed
2024-06-19,417071.12,4887.656944,61,180.97142293583357,0.5081967213114754,4887.656944,0.0,0.0,80.12552367213115,0.4427523548872188,1718775000,64,Greed
2024-06-20,207990.8,57478.456026,39,4202.023348756396,0.20512820512820512,57478.456026,0.0,0.0,1473.8065647692308,0.3507373573270146,1718861400,60,Greed
2024-06-21,176264.49,773.5582039999999,80,54.6582097931937,0.0375,773.5582039999999,0.0,0.0,9.66947755,0.17690805437253984,1718947800,63,Greed
2024-06-22,169594.27000000002,756.876565,24,65.30392406982597,0.3333333333333333,756.876565,0.0,0.0,31.536523541666668,0.48291927308910815,1719034200,53,Neutral
2024-06-23,1792.12,0.0,5,0.0,0.0,0.0,0.0,0.0,0.0,0.0,1719120600,55,Greed
2024-06-24,403002.8,0.0,31,0.0,0.0,0.0,0.0,0.0,0.0,0.0,1719207000,51,Neutral
2024-06-25,103099.08,4869.353105,49,242.73329860014363,0.22448979591836735,4869.353105,0.0,0.0,99.3745531632653,0.40939810786721004,1719293400,30,Fear
2024-06-26,365190.66000000003,4197.732182,72,181.6926720751968,0.2916666666666667,4197.732182,0.0,0.0,58.30183586111111,0.32088160295744805,1719379800,46,Neutral
2024-06-27,130486.95,0.0,30,0.0,0.0,0.0,0.0,0.0,0.0,0.0,1719466200,40,Fear
2024-06-29,280095.11,6150.326145,75,179.89968807670226,0.32,6150.326145,0.0,0.0,82.0043486,0.4558337453316568,1719639000,30,Fear
2024-06-30,30520.69,0.0,14,0.0,0.0,0.0,0.0,0.0,0.0,0.0,1719725400,47,Neutral
2024-07-01,362670.14999999997,5065.839308,64,207.33447463371925,0.40625,5065.839308,0.0,0.0,79.1537391875,0.3817683447354059,1719811800,53,Neutral
2024-07-02,33347.47,2421.253116,18,226.36405308073617,0.7222222222222222,2421.253116,0.0,0.0,134.514062,0.5942377341689651,1719898200,51,Neutral
2024-07-03,179600.66,1118.387284,18,130.94390209637675,0.2222222222222222,1118.387284,0.0,0.0,62.132626888888886,0.47449805522947003,1719984600,50,Neutral
2024-07-04,430568.01,0.0,25,0.0,0.0,0.0,0.0,0.0,0.0,0.0,1720071000,44,Fear
2024-07-05,272289.89,0.0,32,0.0,0.0,0.0,0.0,0.0,0.0,0.0,1720157400,29,Fear
2024-07-06,2490.17,108.87217799999999,24,10.03473956812726,0.2916666666666667,108.87217799999999,0.0,0.0,4.53634075,0.45206362548844875,1720243800,26,Fear
2024-07-07,498.75,61.428942,10,4.100173833321266,1.0,61.428942,0.0,0.0,6.1428942,1.4982033566669704,1720330200,29,Fear
2024-07-08,497.64,0.0,1,0.0,0.0,0.0,0.0,0.0,0.0,0.0,1720416600,28,Fear
2024-07-09,2736.45,648.984412,15,40.13596510326193,1.0,648.984412,0.0,0.0,43.265627466666665,1.0779765069894975,1720503000,27,Fear
2024-07-10,687900.21,11977.734907,56,337.8156690082534,0.6785714285714286,11977.734907,0.0,0.0,213.88812333928573,0.6331503922456009,1720589400,28,Fear
2024-07-11,169887.02,1876.812082,19,150.16378122148163,0.47368421052631576,1876.812082,0.0,0.0,98.77958326315789,0.6578123064007328,1720675800,29,Fear
2024-07-12,89582.97,1412.314654,19,112.44287174423458,0.47368421052631576,1412.314654,0.0,0.0,74.33235021052631,0.6610676964886184,1720762200,25,Fear
2024-07-13,139189.19,2913.617837,17,173.27801983740284,1.0,2913.617837,0.0,0.0,171.38928452941175,0.9890999717692792,1720848600,25,Fear
2024-07-14,84001.13,0.0,7,0.0,0.0,0.0,0.0,0.0,0.0,0.0,1720935000,33,Fear
2024-07-15,198344.85,-1.0,26,0.1400758054109933,0.0,0.0,1.0,0.0,-0.038461538461538464,-0.27457660049634786,1721021400,52,Neutral
2024-07-16,144000.57,0.0,22,0.0,0.0,0.0,0.0,0.0,0.0,0.0,1721107800,65,Greed
2024-07-17,626005.53,1859.269477,351,11.718171265834037,0.4131054131054131,1861.890601,2.621124,710.3405260491301,5.297064037037037,0.4520384552222211,1721194200,69,Greed
2024-07-18,649704.85,3803.884311,60,87.92602091436942,0.8,3803.884311,0.0,0.0,63.398071849999994,0.7210387913692008,1721280600,61,Greed
2024-07-19,150269.42,2155.891114,23,179.87386804302622,0.5217391304347826,2155.891114,0.0,0.0,93.73439626086956,0.5211118061821414,1721367000,60,Greed
2024-07-20,244362.21,2299.169566,266,53.62978209591339,0.12406015037593984,2311.875662,12.706096,181.9501176443181,8.643494609022557,0.16116967608714552,1721453400,74,Greed
2024-07-21,234307.46,-2960.716887,448,11.365602294450625,0.046875,84.5101,3045.226987,0.02775165869761813,-6.608743051339286,-0.5814687933050477,1721539800,74,Greed
2024-07-22,304213.8,1517.119876,154,72.41291986688015,0.14285714285714285,2582.5923000000003,1065.472424,2.423894079120719,9.851427766233765,0.1360451668617158,1721626200,70,Greed
2024-07-23,358526.54,89890.302206,370,513.7954073277451,0.8891891891891892,89990.678206,100.376,896.5358074240854,242.9467627189189,0.4728472836736462,1721712600,71,Greed
2024-07-24,69207.93,625.561479,90,19.95680710255259,0.2,625.561479,0.0,0.0,6.9506831,0.3482863297862396,1721799000,69,Greed
2024-07-25,528555.31,916.7382600000001,78,40.81134378827734,0.1282051282051282,916.7382600000001,0.0,0.0,11.753054615384617,0.2879849944750059,1721885400,68,Greed
2024-07-26,548587.65,2766.513113,152,50.86868522207445,0.40131578947368424,2766.513113,0.0,0.0,18.200744164473683,0.35779859622901117,1721971800,68,Greed
2024-07-27,905199.75,6400.623656,57,157.88829917379803,0.7368421052631579,6400.623656,0.0,0.0,112.2916430877193,0.7112094035803913,1722058200,72,Greed
2024-07-28,43254.68,587.29903,16,36.25797427381541,0.75,587.29903,0.0,0.0,36.706189375,1.0123618351593426,1722144600,71,Greed
2024-07-29,327199.14,330.80445399999996,39,21.730673754432168,0.41025641025641024,330.80445399999996,0.0,0.0,8.482165487179486,0.390331454193843,1722231000,74,Greed
2024-07-30,36006.47,0.0,6,0.0,0.0,0.0,0.0,0.0,0.0,0.0,1722317400,67,Greed
2024-07-31,84506.54,765.690884,43,45.986517776302854,0.32558139534883723,765.690884,0.0,0.0,17.806764744186047,0.38721707155139257,1722403800,61,Greed
2024-08-01,227774.53,167.080017,57,23.197203266011744,0.07017543859649122,177.246894,10.166877,17.433760042538136,2.9312283684210527,0.12636128307397523,1722490200,52,Neutral
2024-08-02,396320.37,782.3681909999999,63,44.14907581961201,0.2698412698412698,782.3681909999999,0.0,0.0,12.418542714285714,0.28128658377870547,1722576600,57,Greed
2024-08-03,290532.86,464.1897,37,76.3123165975776,0.02702702702702703,464.1897,0.0,0.0,12.545667567567568,0.1643989873053573,1722663000,37,Fear
2024-08-04,1207744.07,-122672.000883,127,3618.961540622186,0.023622047244094488,109.005815,122781.006698,0.0008878068190800688,-965.9212667952756,-0.26690564570885456,1722749400,34,Fear
2024-08-05,420495.4,-13013.665169,80,795.0273715447163,0.4125,517.903051,13531.56822,0.038273690275937584,-162.6708146125,-0.20461033221590233,1722835800,26,Fear
2024-08-06,61478.38,267.318048,107,8.28376598603028,0.12149532710280374,267.902143,0.584095,458.66193513041543,2.4982995140186914,0.3015898225797079,1722922200,17,Extreme Fear
2024-08-07,2492.77,188.789255,33,10.349410204930836,0.30303030303030304,188.789255,0.0,0.0,5.720886515151515,0.5527741583212034,1723008600,29,Fear
2024-08-08,16299.35,-40.712216999999995,9,9.68187399440364,0.0,0.0,40.712216999999995,0.0,-4.5235796666666666,-0.46722149754080733,1723095000,20,Extreme Fear
2024-08-09,503204.86,18082.071276,144,454.8533022933731,0.2986111111111111,19098.320230999998,1016.248955,18.79295436126672,125.56993941666666,0.27606689625763353,1723181400,48,Neutral
2024-08-10,11339.29,0.0,88,0.0,0.0,0.0,0.0,0.0,0.0,0.0,1723267800,40,Fear
2024-08-11,44230.21,847.7766200000001,24,91.2518343902943,0.16666666666666666,847.7766200000001,0.0,0.0,35.32402583333334,0.38710482993962103,1723354200,39,Fear
2024-08-12,54167.32,858.6705000000001,48,64.64753431191872,0.125,858.6705000000001,0.0,0.0,17.88896875,0.27671540671121786,1723440600,25,Fear
2024-08-13,20797.87,212.08102,23,19.422324125365535,0.34782608695652173,212.08102,0.0,0.0,9.220913913043479,0.474758522899995,1723527000,31,Fear
2024-08-14,66710.03,2168.9015130000003,25,329.1190167138969,0.2,2168.9015130000003,0.0,0.0,86.75606052,0.2636008741950546,1723613400,30,Fear
2024-08-15,1522.3700000000001,0.0,12,0.0,0.0,0.0,0.0,0.0,0.0,0.0,1723699800,29,Fear
2024-08-16,166382.84,825.230544,35,80.13737948448535,0.08571428571428572,825.230544,0.0,0.0,23.578015542857145,0.2942199469777005,1723786200,27,Fear
2024-08-17,30248.96,-288.283113,30,52.63305464597027,0.0,0.0,288.283113,0.0,-9.609437100000001,-0.18257418583505539,1723872600,25,Fear
2024-08-18,62804.48,307.201888,15,30.913873872729887,0.8,307.201888,0.0,0.0,20.480125866666665,0.6624897918320368,1723959000,31,Fear
2024-08-19,100315.03,339.69958299999996,8,67.50399160612497,0.625,339.69958299999996,0.0,0.0,42.462447874999995,0.6290361038612592,1724045400,28,Fear
2024-08-20,49914.8,192.602844,12,55.59965191504375,0.08333333333333333,192.602844,0.0,0.0,16.050237,0.28867513459481287,1724131800,30,Fear
2024-08-21,104990.41,656.200925,145,16.514528261674556,0.3724137931034483,656.200925,0.0,0.0,4.525523620689655,0.27403287269137966,1724218200,26,Fear
2024-08-23,63509.56,1005.30527,10,280.4841642773341,0.3,1005.30527,0.0,0.0,100.53052699999999,0.3584178353135063,1724391000,34,Fear
2024-08-24,34999.67,0.0,7,0.0,0.0,0.0,0.0,0.0,0.0,0.0,1724477400,56,Greed
2024-08-25,21950.28,0.0,17,0.0,0.0,0.0,0.0,0.0,0.0,0.0,1724563800,54,Neutral
2024-08-26,92611.27,231.236918,6,60.225332502001116,0.3333333333333333,231.236918,0.0,0.0,38.539486333333336,0.6399215202681161,1724650200,55,Greed
2024-08-27,70250.16,0.0,50,0.0,0.0,0.0,0.0,0.0,0.0,0.0,1724736600,48,Neutral
2024-08-28,71160.06999999999,1333.359645,9,294.00593721532755,0.2222222222222222,1333.359645,0.0,0.0,148.15107166666667,0.503905033584958,1724823000,30,Fear
2024-08-29,9995.85,0.0,1,0.0,0.0,0.0,0.0,0.0,0.0,0.0,1724909400,29,Fear
2024-08-30,37233.24,256.464,6,104.70098956552417,0.16666666666666666,256.464,0.0,0.0,42.744,0.408248290463863,1724995800,34,Fear
2024-08-31,107507.43000000001,10.882801,34,0.8923899892238314,0.35294117647058826,10.891251,0.00845,1288.9054437869825,0.3200823823529412,0.3586799339057325,1725082200,29,Fear
2024-09-01,12359.68,137.433093,12,25.479618769976113,0.4166666666666667,137.433093,0.0,0.0,11.452757750000002,0.44948701365561045,1725168600,26,Fear
2024-09-02,30000.42,0.0,2,0.0,0.0,0.0,0.0,0.0,0.0,0.0,1725255000,26,Fear
2024-09-04,131480.97,1065.785132,34,462.16602470807555,0.14705882352941177,3307.570346,2241.7852139999995,1.4754180397587369,31.346621529411763,0.06782545633727982,1725427800,27,Fear
2024-09-05,0.84,0.0,1,0.0,0.0,0.0,0.0,0.0,0.0,0.0,1725514200,29,Fear
2024-09-06,39047.1,-1104.856765,42,21.910908628012873,0.0,0.0,1104.856765,0.0,-26.306113452380952,-1.2005943659839307,1725600600,22,Extreme Fear
2024-09-08,0.11,0.0,1,0.0,0.0,0.0,0.0,0.0,0.0,0.0,1725773400,29,Fear
2024-09-09,4014.4300000000003,0.0,2,0.0,0.0,0.0,0.0,0.0,0.0,0.0,1725859800,26,Fear
2024-09-10,2547.28,-219.729659,3,96.08066367806516,0.0,0.0,219.729659,0.0,-73.24321966666666,-0.7623096767116504,1725946200,33,Fear
2024-09-11,0.54,0.0,1,0.0,0.0,0.0,0.0,0.0,0.0,0.0,1726032600,37,Fear
2024-09-14,1014.8000000000001,0.0,11,0.0,0.0,0.0,0.0,0.0,0.0,0.0,1726291800,50,Neutral
2024-09-18,13633.5,-878.684794,145,4.966129290375059,0.0,0.0,878.684794,0.0,-6.059895131034483,-1.2202451399683192,1726637400,45,Neutral
2024-09-19,1521.8700000000001,0.0,19,0.0,0.0,0.0,0.0,0.0,0.0,0.0,1726723800,49,Neutral
2024-09-20,332873.38,9585.03428,16,2004.9515901146353,0.5,9586.92404,1.88976,5073.090784014901,599.0646425,0.2987925720768888,1726810200,54,Neutral
2024-09-21,165648.12,36165.56933,23,1429.8114770090967,1.0,36165.56933,0.0,0.0,1572.416057826087,1.099736631793789,1726896600,54,Neutral
2024-09-22,19999.739999999998,0.0,3,0.0,0.0,0.0,0.0,0.0,0.0,0.0,1726983000,52,Neutral
2024-09-23,40334.29,334.760796,2,236.7116289270065,0.5,334.760796,0.0,0.0,167.380398,0.7071067811865475,1727069400,50,Neutral
2024-09-24,7118.63,0.0,10,0.0,0.0,0.0,0.0,0.0,0.0,0.0,1727155800,54,Neutral
2024-09-25,52754.130000000005,0.0,9,0.0,0.0,0.0,0.0,0.0,0.0,0.0,1727242200,59,Greed
2024-09-26,113711.93000000001,439.812513,8,154.20271831132595,0.25,439.812513,0.0,0.0,54.976564125,0.356521368280977,1727328600,50,Neutral
2024-09-27,126097.04,0.0,56,0.0,0.0,0.0,0.0,0.0,0.0,0.0,1727415000,61,Greed
2024-09-28,29199.21,0.0,4,0.0,0.0,0.0,0.0,0.0,0.0,0.0,1727501400,64,Greed
2024-09-30,214669.85,2710.626288,106,133.6657057863591,0.04716981132075472,2710.626288,0.0,0.0,25.571946113207545,0.19131269283147137,1727674200,61,Greed
2024-10-01,139954.32,0.0,4,0.0,0.0,0.0,0.0,0.0,0.0,0.0,1727760600,50,Neutral
2024-10-02,99954.34,0.0,4,0.0,0.0,0.0,0.0,0.0,0.0,0.0,1727847000,42,Fear
2024-10-03,132935.69,100.375782,9,20.273575382952355,0.3333333333333333,100.375782,0.0,0.0,11.152864666666666,0.5501182922103068,1727933400,37,Fear
2024-10-04,0.34,0.0,1,0.0,0.0,0.0,0.0,0.0,0.0,0.0,1728019800,41,Fear
2024-10-05,605605.74,5767.161892,37,217.0879728346648,0.6486486486486487,5767.161892,0.0,0.0,155.86924032432432,0.7180003493009492,1728106200,49,Neutral
2024-10-06,300130.56,130.487079,22,17.741123762831634,0.22727272727272727,130.487079,0.0,0.0,5.9312308636363635,0.3343210352921685,1728192600,50,Neutral
2024-10-07,219984.65,0.0,21,0.0,0.0,0.0,0.0,0.0,0.0,0.0,1728279000,50,Neutral
2024-10-08,434584.13,5396.546638,36,223.40754741053024,0.9166666666666666,5396.546638,0.0,0.0,149.90407327777777,0.6709892974310145,1728365400,49,Neutral
2024-10-09,220399.93,396.06272,14,61.54299038481661,0.21428571428571427,396.06272,0.0,0.0,28.290194285714286,0.4596818274318664,1728451800,49,Neutral
2024-10-10,300024.33999999997,0.0,16,0.0,0.0,0.0,0.0,0.0,0.0,0.0,1728538200,39,Fear
2024-10-11,488904.19,8885.327477,26,367.9830904604618,0.6923076923076923,8885.327477,0.0,0.0,341.74336450000004,0.928693120307165,1728624600,32,Fear
2024-10-12,159713.4,541.55471,10,63.374247509280295,0.7,541.55471,0.0,0.0,54.155471,0.8545343436554362,1728711000,49,Neutral
2024-10-13,60002.42,0.0,10,0.0,0.0,0.0,0.0,0.0,0.0,0.0,1728797400,50,Neutral
2024-10-14,61916.020000000004,1913.61958,5,497.27205914834235,1.0,1913.61958,0.0,0.0,382.72391600000003,0.7696469346286532,1728883800,48,Neutral
2024-10-15,81173.36,1170.2260760000001,7,347.7876385038441,0.5714285714285714,1170.2260760000001,0.0,0.0,167.17515371428573,0.4806817011480353,1728970200,65,Greed
2024-10-16,80229.17,219.480876,11,35.58157491300189,0.2727272727272727,219.480876,0.0,0.0,19.95280690909091,0.5607623315684079,1729056600,73,Greed
2024-10-17,140531.75,36.11496,9,12.830443659406326,0.1111111111111111,38.17884,2.06388,18.498575498575498,4.0127733333333335,0.3127540590064839,1729143000,71,Greed
2024-10-18,120331.43000000001,333.219141,6,51.489580908627175,0.8333333333333334,333.219141,0.0,0.0,55.536523499999994,1.078597310756024,1729229400,73,Greed
2024-10-19,99996.86,0.0,4,0.0,0.0,0.0,0.0,0.0,0.0,0.0,1729315800,72,Greed
2024-10-20,176447.86000000002,389.155797,96,13.65197281145091,0.11458333333333333,389.155797,0.0,0.0,4.05370621875,0.2969318994943983,1729402200,73,Greed
2024-10-21,324117.99,2464.915564,173,40.07987913321128,0.3930635838150289,2464.915564,0.0,0.0,14.248066843930635,0.3554917617534505,1729488600,72,Greed
2024-10-22,60000.36,0.0,3,0.0,0.0,0.0,0.0,0.0,0.0,0.0,1729575000,70,Greed
2024-10-23,210006.07,-46.489941,18,6.37713910085234,0.0,0.0,46.489941,0.0,-2.5827745,-0.4050052004753664,1729661400,71,Greed
2024-10-25,427883.18,13235.862071,30,1366.4039341402422,0.7,13235.862071,0.0,0.0,441.19540236666666,0.32288797722488416,1729834200,72,Greed
2024-10-27,90664.41,666.6623079999999,4,293.9572048762827,0.75,666.6623079999999,0.0,0.0,166.66557699999998,0.5669722471002004,1730007000,74,Greed
2024-10-28,121495.25,167.28016200000002,13,44.454488070634156,0.3076923076923077,167.28016200000002,0.0,0.0,12.867704769230771,0.28945794514122297,1730093400,72,Greed
2024-10-29,613267.8099999999,801.170876,53,99.68468397007351,0.05660377358490566,801.170876,0.0,0.0,15.11643162264151,0.1516424692401055,1730179800,72,Greed
2024-10-30,11830.85,9.150023,25,1.0256853979943898,0.28,9.172467,0.022444,408.68236499732666,0.36600091999999995,0.3568354592116382,1730266200,77,Extreme Greed
2024-10-31,896173.36,1214.043811,48,33.00414935089389,0.7083333333333334,1216.5972259999999,2.5534149999999998,476.4588701797397,25.292579395833332,0.7663454412027833,1730352600,77,Extreme Greed
2024-11-01,260981.03,1040.475736,23,154.1983753462747,0.2608695652173913,1049.238606,8.76287,119.73686771571414,45.238075478260875,0.2933758243345447,1730439000,75,Extreme Greed
2024-11-02,40000.0,0.0,2,0.0,0.0,0.0,0.0,0.0,0.0,0.0,1730525400,72,Greed
2024-11-03,129055.66,0.0,6,0.0,0.0,0.0,0.0,0.0,0.0,0.0,1730611800,74,Greed
2024-11-04,451811.97,2799.410474,36,118.94285081013497,0.6388888888888888,2799.410474,0.0,0.0,77.76140205555555,0.6537711306388967,1730698200,70,Greed
2024-11-05,200627.23,678.4759280000001,10,93.32108146532121,0.5,678.4759280000001,0.0,0.0,67.8475928,0.7270339320404539,1730784600,70,Greed
2024-11-06,123906.9,2817.83723,15,309.14971367702964,0.4666666666666667,2821.24842,3.41119,827.0569566632172,187.85581533333334,0.6076532082109166,1730871000,70,Greed
2024-11-07,111335.3,4493.353136,113,107.40420684370638,0.5309734513274337,4493.353136,0.0,0.0,39.764187044247784,0.3702293253942303,1730957400,77,Extreme Greed
2024-11-08,270700.44,-64.41354100000007,39,72.4018294193872,0.15384615384615385,646.3734049999999,710.786946,0.909377146889808,-1.6516292564102582,-0.022811982371926057,1731043800,75,Extreme Greed
2024-11-09,193384.41,102.90894,86,2.90992297730476,0.22093023255813954,103.027108,0.118168,871.8697786202695,1.196615581395349,0.4112189878316583,1731130200,75,Extreme Greed
2024-11-10,413636.7,991.114334,173,22.471438317729593,0.2947976878612717,991.114334,0.0,0.0,5.728984589595376,0.25494516677534174,1731216600,78,Extreme Greed
2024-11-11,1570572.42,6749.630996,373,60.90235280005483,0.24664879356568364,6753.894173,4.263177000000001,1584.2396815801922,18.09552545844504,0.29712358597792543,1731303000,76,Extreme Greed
2024-11-12,1226354.52,3494.399394,171,80.90406191682668,0.19883040935672514,3504.773844,10.37445,337.8274360568512,20.435084175438597,0.2525841557429695,1731389400,80,Extreme Greed
2024-11-13,515336.37,7846.402274,48,358.50791769432567,0.5625,7878.352644,31.95037,246.5809517698856,163.46671404166668,0.45596402749755494,1731475800,84,Extreme Greed
2024-11-14,1008361.81,4563.509225,110,89.20897697893908,0.2545454545454545,4563.509225,0.0,0.0,41.4864475,0.4650479010626289,1731562200,88,Extreme Greed
2024-11-15,1427858.42,4140.740438,149,61.955774894975356,0.3691275167785235,4140.740438,0.0,0.0,27.790204281879195,0.44854905501525727,1731648600,80,Extreme Greed
2024-11-16,303296.07,2769.521909,157,44.303347474612096,0.3057324840764331,2807.955213,38.433304,73.06046893600406,17.640266936305732,0.3981700693477944,1731735000,86,Extreme Greed
2024-11-17,1215987.57,882.975285,209,17.261524113421817,0.23444976076555024,913.651884,30.676599,29.78334997305275,4.224762129186603,0.24475023766305837,1731821400,90,Extreme Greed
2024-11-18,2084339.58,4470.815187,346,87.8216130663201,0.3583815028901734,4577.3537910000005,106.538604,42.964274161129424,12.921431176300578,0.14713270145177956,1731907800,83,Extreme Greed
2024-11-19,628031.15,2958.268991,305,37.73186830724049,0.4918032786885246,3107.967255,149.698264,20.76154507042246,9.699242593442623,0.25705704563750437,1731994200,90,Extreme Greed
2024-11-20,1999514.1199999999,4210.0928969999995,550,54.544471794452775,0.3981818181818182,5888.02091,1677.928013,3.5091022167707266,7.654714358181818,0.14033895840128585,1732080600,83,Extreme Greed
2024-11-21,598300.62,1692.430891,535,23.071714613651217,0.308411214953271,2050.545689,358.114798,5.725945145109586,3.1634222261682243,0.13711257611935226,1732167000,82,Extreme Greed
2024-11-22,1646713.62,-18105.345617,679,305.88652723565343,0.3078055964653903,3820.231542,21925.577159,0.17423630467268558,-26.664721085419732,-0.08717193701335321,1732253400,94,Extreme Greed
2024-11-23,516245.68,2901.531638,363,25.92430088738888,0.3526170798898072,2939.130362,37.598724,78.17101351630976,7.993200104683195,0.30832847294144633,1732339800,93,Extreme Greed
2024-11-24,664952.28,945.550386,172,24.231829677959688,0.26744186046511625,1031.285191,85.73480500000001,12.02878097174187,5.497385965116279,0.2268663174913483,1732426200,80,Extreme Greed
2024-11-25,937410.87,5523.740734,255,136.53631849159856,0.4117647058823529,5702.600905,178.860171,31.8830115900985,21.66172836862745,0.15865176832023895,1732512600,82,Extreme Greed
2024-11-26,1146902.44,1094.809359,302,55.535465040558826,0.2913907284768212,1924.359838,829.550479,2.319762192554891,3.6251965529801327,0.06527714407959974,1732599000,79,Extreme Greed
2024-11-27,1444242.53,-2654.495633,213,56.196623877144376,0.3474178403755869,568.727216,3223.222849,0.17644675613305694,-12.462420812206572,-0.22176458214734746,1732685400,75,Extreme Greed
2024-11-28,1894225.15,-127075.39958499999,332,1422.4245637679367,0.32831325301204817,5351.105169,132426.504754,0.04040811300532621,-382.75722766566264,-0.26908789219145407,1732771800,77,Extreme Greed
2024-11-29,794262.91,176844.994152,393,2425.1393783219637,0.48854961832061067,176873.485732,28.49158,6207.921278216231,449.98726247328244,0.18555109306115178,1732858200,78,Extreme Greed
2024-11-30,1732193.7,37316.69352,373,327.5103351176057,0.42091152815013405,37394.875032,78.181512,478.3084142962086,100.04475474530831,0.30547052724117313,1732944600,84,Extreme Greed
2024-12-01,814711.82,40886.364494,416,338.03944268346726,0.53125,40947.146064,60.78157,673.6770054475394,98.28453003365385,0.29074870451045365,1733031000,81,Extreme Greed
2024-12-02,585243.56,18489.604313,270,379.90364074572494,0.4074074074074074,18505.563513,15.959200000000001,1159.5545837510651,68.48001597407408,0.1802562771961134,1733117400,80,Extreme Greed
2024-12-03,1084666.53,23576.539285,374,229.00768096588675,0.4304812834224599,23815.570374,239.031089,99.63377765475519,63.03887509358289,0.27526969762631337,1733203800,76,Extreme Greed
2024-12-04,769287.65,292891.815021,319,4090.2838520231076,0.46394984326018807,293020.901743,129.08672199999998,2269.95385120245,918.1561599404388,0.22447247994446812,1733290200,78,Extreme Greed
2024-12-05,1256750.79,71574.11848800001,456,1402.284112762816,0.4232456140350877,71992.079296,417.96080800000004,172.2460046923825,156.96078615789474,0.11193222880393802,1733376600,84,Extreme Greed
2024-12-06,3471019.22,-92624.643895,403,6326.353243835444,0.23325062034739455,83136.981725,175761.62562,0.4730098588456604,-229.83782604218362,-0.0363302233029974,1733463000,72,Greed
2024-12-07,451733.42,85906.279067,304,2478.915786497859,0.4309210526315789,85915.435675,9.156608,9382.888912029432,282.5864442993421,0.11399598398563274,1733549400,75,Extreme Greed
2024-12-08,932939.72,15965.933436,420,232.61343396421137,0.3619047619047619,15989.593757,23.660321,675.797837104577,38.014127228571425,0.16342189090600878,1733635800,79,Extreme Greed
2024-12-09,983949.68,6310.967676,539,100.89854795146519,0.31910946196660483,6316.695501,5.727825,1102.8087452043314,11.708659881261596,0.11604388882676255,1733722200,78,Extreme Greed
2024-12-10,3150424.08,39325.770231,1596,141.48990698368283,0.5870927318295739,40995.309736,1669.539505,24.554860554797116,24.640206911654136,0.17414815965986705,1733808600,78,Extreme Greed
2024-12-11,2194098.33,319051.554217,1221,2003.1396625321522,0.7125307125307125,320347.873658,1296.3194409999999,247.1210903161947,261.30348420720725,0.13044696238348938,1733895000,74,Greed
2024-12-12,4557189.87,599151.795008,1932,1920.807926510415,0.6997929606625258,602711.581384,3559.786376,169.31116581811426,310.1199767122153,0.16145288262924803,1733981400,83,Extreme Greed
2024-12-13,2880824.64,31935.901745,1173,194.07940958725385,0.40153452685422,32208.102477,272.200732,118.32481948285135,27.22583268968457,0.14028192247485394,1734067800,76,Extreme Greed
2024-12-14,2369561.78,167801.399244,1235,647.5595884815575,0.47368421052631576,168015.671574,214.27232999999998,784.1221102790081,135.87157833522267,0.2098209659034217,1734154200,83,Extreme Greed
2024-12-15,2583269.81,97525.315279,1697,400.0229746982094,0.24572775486152032,98669.926792,1144.611513,86.20385665472509,57.4692488385386,0.14366487045374157,1734240600,80,Extreme Greed
2024-12-16,2740808.97,166774.344133,1055,863.2966321796321,0.5071090047393365,166956.793348,182.44921499999998,915.0863890973717,158.07994704549765,0.18311197003790103,1734327000,83,Extreme Greed
2024-12-17,5233597.63,219591.305172,1941,546.8152085057872,0.4363730036063885,219733.686719,142.381547,1543.2736288432093,113.13307839876352,0.20689453519024825,1734413400,87,Extreme Greed
2024-12-18,3798887.07,13682.994673,1429,90.0826143121339,0.36599020293911827,24585.952748,10902.958075,2.254980031921291,9.575223703988803,0.10629380349476653,1734499800,81,Extreme Greed
2024-12-19,8241709.39,62744.004486000005,3339,219.82362949794262,0.6148547469302186,76030.9499,13286.945414,5.722229416242562,18.79125621024259,0.08548333158341588,1734586200,75,Extreme Greed
2024-12-20,7681274.71,254969.660039,2488,462.26198976634464,0.5558681672025724,268896.944853,13927.284814,19.307205133243137,102.47976689670418,0.22169196076126374,1734672600,74,Greed
2024-12-21,4382875.12,150022.163157,1681,263.0365857341915,0.5496728138013087,150214.050175,191.88701799999998,782.8254966941016,89.24578415050566,0.3392903838886197,1734759000,73,Greed
2024-12-22,3087320.22,352197.163973,774,1859.8434888414529,0.4354005167958656,352245.762028,48.598055,7248.145260710537,455.03509557235145,0.24466311187066886,1734845400,73,Greed
2024-12-23,6771878.26,-29430.626577,2347,714.3762237450253,0.2901576480613549,77309.51022,106740.136797,0.7242777884670355,-12.53967898466127,-0.017553326339619226,1734931800,70,Greed
2024-12-24,1767036.11,14813.780116,338,352.00417886710017,0.33727810650887574,20493.611108,5679.830992,3.6081374845246454,43.827751822485205,0.12450918044081645,1735018200,73,Greed
2024-12-25,347889.35,756.6570469999998,208,89.4369605189536,0.30288461538461536,2374.510454,1617.853407,1.467691969943727,3.637774264423076,0.04067417143108474,1735104600,73,Greed
2024-12-26,2205242.65,60228.639722,697,837.1572532043537,0.5136298421807748,60727.473821,498.83409900000004,121.73881846236817,86.41124780774749,0.10321985203734971,1735191000,79,Extreme Greed
2024-12-27,347913.0,2672.811035,260,55.81376867703737,0.4230769230769231,2747.880233,75.069198,36.60463021064911,10.280042442307693,0.18418470363097084,1735277400,74,Greed
2024-12-28,281555.01,940.673623,161,29.85731881145236,0.22981366459627328,960.745535,20.071912,47.86517273491434,5.842693310559007,0.19568713947341873,1735363800,72,Greed
2024-12-29,344628.54,2884.067927,201,84.84325152956883,0.31840796019900497,2884.067927,0.0,0.0,14.348596651741294,0.16911889152127374,1735450200,73,Greed
2024-12-30,1073865.73,9009.738137,304,198.72959921857932,0.39473684210526316,9012.472187,2.73405,3296.3816268905102,29.637296503289473,0.14913378087524803,1735536600,65,Greed
2024-12-31,877164.62,5445.01281,306,108.99687767512427,0.3006535947712418,5510.651898,65.639088,83.95381572029154,17.794159509803922,0.16325384625090947,1735623000,64,Greed
2025-01-01,282582.1,-9528.065345,96,989.3224125030252,0.3020833333333333,163.459958,9691.525303,0.016866277793176804,-99.25068067708334,-0.10032187628902002,1735709400,66,Greed
2025-01-02,774674.84,8716.519087,361,117.65384746788118,0.45706371191135736,8748.655874,32.136787,272.23181564479364,24.145482235457067,0.20522475681935215,1735795800,70,Greed
2025-01-03,771208.99,6028.486793,508,63.36348991609002,0.27165354330708663,6112.412698,83.925905,72.8310608983007,11.867099986220472,0.1872860854403008,1735882200,74,Greed
2025-01-04,1826029.6199999999,2553.537968,371,75.44665860042967,0.20215633423180593,2687.762427,134.224459,20.024386367614266,6.882851665768194,0.09122805162545655,1735968600,73,Greed
2025-01-05,451943.57,3187.719363,239,59.881873800685874,0.41841004184100417,3213.246827,25.527464,125.87411060495474,13.337737920502093,0.2227341443071096,1736055000,72,Greed
2025-01-06,556526.99,6064.185393,573,104.19079085435088,0.15532286212914484,6297.588379,233.402986,26.981610162433824,10.583220581151831,0.1015753935100291,1736141400,76,Extreme Greed
2025-01-07,1313178.1,16098.227531,637,79.2581805510636,0.7613814756671899,16351.788459,253.560928,64.48859683539256,25.271942748822607,0.3188559537086607,1736227800,78,Extreme Greed
2025-01-08,3177275.18,130117.090554,1039,2408.3681940977062,0.37151106833493747,131134.765192,1017.674638,128.8572597718604,125.23300342059672,0.05199911032188132,1736314200,70,Greed
2025-01-09,1020733.25,46975.928902,522,658.1149316624325,0.2777777777777778,47590.360211,614.4313089999999,77.45432160423974,89.99220096168582,0.1367423783173569,1736400600,69,Greed
2025-01-10,6547449.68,-10116.875552,819,816.5240640739952,0.5274725274725275,46560.333357,56677.208909,0.8215001100664028,-12.352717401709402,-0.015128418065324736,1736487000,50,Neutral
2025-01-11,1658098.71,2269.080536,283,43.43091035574405,0.24381625441696114,2785.264504,516.183968,5.395875650287534,8.017952424028268,0.18461396176946213,1736573400,69,Greed
2025-01-12,2258459.17,5742.241803,602,150.46366054945935,0.7840531561461794,5792.193879,49.952076000000005,115.95501814579238,9.538607646179402,0.0633947599795629,1736659800,62,Greed
2025-01-13,2936648.0100000002,9655.429352,408,77.40018335810606,0.3872549019607843,9728.275434,72.84608200000001,133.54562341458526,23.66526801960784,0.30575209247394364,1736746200,61,Greed
2025-01-14,876581.97,16069.512355,275,146.32035377772365,0.49818181818181817,16080.746827,11.234472,1431.375397704494,58.43459038181818,0.39936064172306884,1736832600,63,Greed
2025-01-15,1801599.8900000001,14819.5883,267,189.6085235008543,0.4606741573033708,15058.761636,239.173336,62.961707554223345,55.50407602996255,0.29272985731420703,1736919000,70,Greed
2025-01-16,3049692.96,20807.709328,371,566.3419882789403,0.3423180592991914,21104.712424,297.003096,71.05889705607647,56.08546988679245,0.09903109966688305,1737005400,75,Extreme Greed
2025-01-17,1110230.46,7006.415608,238,198.25145103146025,0.5294117647058824,7006.425225,0.009617,728545.8277009462,29.43872104201681,0.14849183140326785,1737091800,75,Extreme Greed
2025-01-18,2711629.88,443.2330819999997,651,330.24136524302247,0.38095238095238093,15218.992046,14775.758964,1.029997314052016,0.6808495883256523,0.002061672643051907,1737178200,77,Extreme Greed
2025-01-19,9715215.3,87923.799302,1567,604.713913705048,0.20229738353541799,98444.282387,10520.483085,9.357391822373716,56.10963580216975,0.09278707588914101,1737264600,77,Extreme Greed
2025-01-20,8287327.01,87277.239173,1315,569.11572956866,0.5224334600760456,98218.764338,10941.525165,8.976697750710699,66.37052408593155,0.11662043524299462,1737351000,76,Extreme Greed
2025-01-21,1523729.82,11077.839421,530,111.25104651632293,0.3867924528301887,11086.543389,8.703968000000001,1273.7343920611838,20.901583813207548,0.18787763771858842,1737437400,76,Extreme Greed
2025-01-22,1778406.43,20524.408057,832,156.5100803482523,0.28125,20976.811362,452.403305,46.367502469947695,24.66875968389423,0.1576177050641307,1737523800,84,Extreme Greed
2025-01-23,3697028.66,101256.24216,1218,341.1383231952165,0.6609195402298851,108575.613553,7319.371392999999,14.834007966427016,83.13320374384236,0.24369353453223536,1737610200,75,Extreme Greed
2025-01-24,1611433.45,10602.779738,874,80.89983729393776,0.5583524027459954,10679.424463,76.644725,139.336718384729,12.131326931350113,0.14995489901015135,1737696600,75,Extreme Greed
2025-01-25,1239377.7,-10348.016255999999,506,490.2783467561706,0.27865612648221344,9630.060847,19978.077103,0.48203141860704435,-20.450625011857706,-0.04171227456232813,1737783000,75,Extreme Greed
2025-01-26,1201173.66,40823.466668,451,461.7192943559634,0.43458980044345896,41017.158006,193.691338,211.76557728151994,90.51766445232816,0.19604479509262912,1737869400,73,Greed
2025-01-27,1508028.31,41331.765392,773,353.4714697323709,0.4760672703751617,42008.842719,677.077327,62.044379635533126,53.469295461837,0.15126905575242325,1737955800,71,Greed
2025-01-28,579412.17,17979.613973,498,81.72678441252614,0.6285140562248996,18092.75105,113.137077,159.91884826580767,36.103642516064255,0.44176022310906804,1738042200,72,Greed
2025-01-29,1897513.41,23421.01147,910,91.52029500857424,0.4164835164835165,23464.265756,43.254286,542.4726177655551,25.737375241758244,0.2812204138912248,1738128600,72,Greed
2025-01-30,3014397.17,23097.471385,1067,113.20284838153209,0.3467666354264292,24200.794325,1103.32294,21.934461296526653,21.64711470009372,0.1912241167919696,1738215000,70,Greed
2025-01-31,2783411.48,35868.296773,1016,134.44285309446968,0.5413385826771654,36213.662404,345.365631,104.85601100243817,35.303441705708664,0.2625906910864336,1738301400,76,Extreme Greed
2025-02-01,1363746.44,32300.205017,634,446.4149984530011,0.5962145110410094,32597.668177,297.46316,109.58556406447103,50.946695610410096,0.1141240679344554,1738387800,68,Greed
2025-02-02,5661092.29,162854.759623,1319,1386.063749537317,0.35860500379075055,168413.315484,5558.555861,30.298034182875327,123.46835452843062,0.08907840968328165,1738474200,60,Greed
2025-02-03,22592901.37,348871.326269,2380,1292.2669438694834,0.4634453781512605,430647.596472,81776.270203,5.2661682344152885,146.58459086932774,0.11343212914694235,1738560600,44,Fear
2025-02-04,15678409.27,416876.88812,2512,2184.1682347008123,0.276671974522293,440721.238416,23844.350296,18.483256324662072,165.9541752070064,0.07598049114093944,1738647000,72,Greed
2025-02-05,8743231.51,56706.235562,1297,444.31734690264386,0.3215111796453354,65584.36152,8878.125958,7.38718529453871,43.721075992289904,0.09840056053870389,1738733400,54,Neutral
2025-02-06,2818508.87,33803.799733,1703,609.1348918969087,0.46095126247798,60628.519782,26824.720049,2.26017343969486,19.84955944392249,0.03258647584955923,1738819800,49,Neutral
2025-02-07,3460263.54,22450.002091,1524,94.68612173896997,0.2821522309711286,25093.920504,2643.918413,9.491185651045278,14.730972500656167,0.15557689163007865,1738906200,44,Fear
2025-02-08,839734.97,586.703253,575,11.464135616658202,0.19130434782608696,777.1482169999999,190.444964,4.080697124655918,1.0203534834782608,0.08900396136239132,1738992600,44,Fear
2025-02-09,2920919.7,150551.829492,764,2082.4614891202827,0.4306282722513089,150560.960871,9.131378999999999,16488.304873885972,197.05736844502616,0.09462713691203542,1739079000,46,Neutral
2025-02-10,3624958.44,63908.49465,889,921.8916254848083,0.4780652418447694,64694.581171000005,786.086521,82.29956810441227,71.88807047244094,0.07797887353042841,1739165400,43,Fear
2025-02-11,2797544.17,-6093.784817,848,127.34220698976809,0.21816037735849056,6626.104407,12719.889224,0.5209246944146185,-7.186067001179245,-0.05643114856456542,1739251800,47,Neutral
2025-02-12,4143974.54,19848.635032,1031,351.50279374147897,0.4626576139670223,43071.332116,23222.697084,1.8547084328837642,19.251828353055284,0.05477005786535653,1739338200,46,Neutral
2025-02-13,3199852.21,27829.534238,1370,115.2749060467816,0.4678832116788321,31385.922494,3556.3882559999997,8.825223860485046,20.313528640875912,0.1762181322675045,1739424600,50,Neutral
2025-02-14,4007103.42,213860.675308,1655,532.3132229110405,0.42900302114803623,216854.923308,2994.248,72.42383506910583,129.22095184773414,0.24275360123700962,1739511000,48,Neutral
2025-02-15,1712852.95,45042.92701,932,338.46361083281846,0.4302575107296137,45179.018643,136.091633,331.97499101946994,48.32932082618026,0.142790300875364,1739597400,50,Neutral
2025-02-16,806177.64,2369.478425,681,12.19814466020818,0.44052863436123346,2546.316173,176.837748,14.399166477736417,3.4794103157121876,0.28524094545807804,1739683800,54,Neutral
2025-02-17,2031044.64,1818.573295,941,33.8310065066735,0.22422954303931988,2187.194756,368.621461,5.933443891374517,1.9325964877789585,0.05712500712616205,1739770200,51,Neutral
2025-02-18,3371128.68,91204.672403,1676,402.7229620509518,0.5119331742243437,92560.662928,1355.990525,68.26055287370095,54.418062292959426,0.13512530305156661,1739856600,47,Neutral
2025-02-19,3263930.24,14985.794701,1361,61.23254296974973,0.4276267450404115,16517.917642,1532.122941,10.781065409293417,11.010870463629685,0.17982056484358824,1739943000,44,Fear
2025-02-20,4628609.29,46008.794102,2012,157.96383053076914,0.47912524850894633,46367.52874,358.734638,129.25300160170204,22.867193887673956,0.1447622143046205,1740029400,49,Neutral
2025-02-21,3972159.88,119693.49395,1873,366.09286225427314,0.5221569674319274,120273.720674,580.226724,207.28745453992568,63.904695114789114,0.17455870273265126,1740115800,55,Greed
2025-02-22,3175570.2,25278.704178,686,176.9982164477057,0.4970845481049563,25533.50573,254.801552,100.20938071052252,36.849423,0.20819092835823688,1740202200,49,Neutral
2025-02-23,1141310.74,10656.934251,520,123.32426355829121,0.45,12723.206575,2066.272324,6.157565209202309,20.494104328846156,0.16618063418768592,1740288600,50,Neutral
2025-02-24,11223619.59,38470.176242,5616,55.56892309267754,0.39672364672364674,49290.846712,10820.67047,4.555248849750805,6.850102607193732,0.1232721857101526,1740375000,49,Neutral
2025-02-25,19414984.36,204762.177034,6246,673.7439962496502,0.260646813960935,243947.824959,39185.647925,6.225438084522881,32.782929400256165,0.0486578427158388,1740461400,25,Fear
2025-02-26,4946958.13,63229.063129,1176,406.24323217797456,0.6709183673469388,64417.301782,1188.2386529999999,54.21242746089999,53.76621014370748,0.1323497990488432,1740547800,21,Extreme Fear
2025-02-27,1999898.43,-36525.167517,890,517.9053830350915,0.27752808988764044,12558.344326,49083.511843,0.2558566788409415,-41.039514064044944,-0.07924133520980269,1740634200,10,Extreme Fear
2025-02-28,4123660.77,225628.108748,1019,3851.3712028844916,0.3886162904808636,229902.806089,4274.697341,53.7822418171991,221.4211077016683,0.0574915000496017,1740720600,16,Extreme Fear
2025-03-01,263824.13,10596.108968,174,134.45844944800064,0.4482758620689655,10700.25602,104.147052,102.741804155916,60.897177977011495,0.4529070372818956,1740807000,20,Extreme Fear
2025-03-02,6460848.74,66914.320708,532,523.6453822891723,0.5018796992481203,69546.979368,2632.65866,26.417013502236557,125.77879832330827,0.24019842927565346,1740893400,26,Fear
2025-03-03,8244590.38,616413.032233,1482,1682.4075657180047,0.6153846153846154,619460.101381,3047.069148,203.29702783003597,415.9332201302294,0.24722500576292922,1740979800,33,Fear
2025-03-04,11124247.15,182075.566585,2402,940.9538347121356,0.25353871773522063,209408.259895,27332.69331,7.661457197794168,75.80165136761032,0.08055831069629488,1741066200,15,Extreme Fear
2025-03-05,9193654.22,269328.365917,1660,1724.8671279418056,0.7584337349397591,275239.887529,5911.521612,46.55990548529522,162.24600356445782,0.09406289964958492,1741152600,20,Extreme Fear
2025-03-06,6765324.96,16101.125561,760,163.11101162302057,0.48026315789473684,16312.361669,211.236108,77.22335837109819,21.18569152763158,0.12988510902375858,1741239000,25,Fear
2025-03-07,19854275.48,150236.061627,2552,278.36230520474373,0.5223354231974922,154330.256516,4094.194889,37.69489745850738,58.86993010462382,0.21148671714484918,1741325400,34,Fear
2025-03-08,892083.51,24700.773359,529,218.21981324664878,0.5689981096408318,25822.424302,1121.650943,23.021800554934316,46.69333338185255,0.2139738490614331,1741411800,28,Fear
2025-03-09,10419697.99,19773.457395,1422,83.14231057374892,0.4409282700421941,19773.457395,0.0,0.0,13.905384947257385,0.16724799745519492,1741498200,27,Fear
2025-03-10,16811790.68,-10010.027269999999,2911,598.2310344559482,0.39745791824115423,48346.978194,58357.005464,0.8284691411012324,-3.438690233596702,-0.005748097366302576,1741584600,20,Extreme Fear
2025-03-11,14016952.09,-76880.729036,3286,284.15739785646804,0.18746195982958003,45360.082707,122240.811743,0.371071510899039,-23.3964482763238,-0.0823362279244325,1741671000,24,Extreme Fear
2025-03-12,18618139.15,288105.984215,3968,541.1021890156194,0.5645161290322581,307005.858009,18899.873794,16.243804660032325,72.60735489289314,0.1341841825200919,1741757400,34,Fear
2025-03-13,3285591.22,14114.870873,962,114.25301264822082,0.4573804573804574,16642.276088,2527.405215,6.584728079703672,14.672422944906446,0.1284204469083199,1741843800,45,Neutral
2025-03-14,8047187.16,68646.160089,2210,241.26619975032932,0.8538461538461538,69250.890337,604.730248,114.5153406267186,31.061610899999998,0.1287441462258022,1741930200,27,Fear
2025-03-15,2355749.54,78694.624572,261,1437.1563922090597,0.5938697318007663,79175.573063,480.948491,164.62381012647776,301.51197154022987,0.20979760670080896,1742016600,46,Neutral
2025-03-16,10187921.51,-7910.943544999999,530,799.610022581558,0.2320754716981132,20187.315665,28098.259209999997,0.7184543182595261,-14.926308575471696,-0.01866698534778465,1742103000,30,Fear
2025-03-17,3592895.05,26163.906513,920,130.36244691738273,0.4532608695652174,28668.939807,2505.033294,11.444534440187764,28.439028818478263,0.21815353647436148,1742189400,32,Fear
2025-03-18,4050655.47,72322.788824,834,1190.357985851897,0.22541966426858512,72612.045264,289.25644,251.03000390933389,86.71797221103118,0.07285033010382184,1742275800,34,Fear
2025-03-19,4598813.57,29374.682341,1612,118.43599190620486,0.4162531017369727,31397.328653,2022.646312,15.522896151801353,18.222507655707197,0.1538595435595159,1742362200,32,Fear
2025-03-20,1652257.93,10246.859436,771,67.20472187875403,0.4085603112840467,12643.582811,2396.723375,5.2753617471603285,13.290349463035021,0.1977591617299231,1742448600,49,Neutral
2025-03-21,2543903.39,6951.270374,698,54.71326809694039,0.5,6951.270374,0.0,0.0,9.958840077363897,0.1820187392154848,1742535000,31,Fear
2025-03-22,971809.42,12498.535254,535,90.3328712770384,0.4747663551401869,14933.941483,2435.406229,6.1320125181465155,23.361748138317758,0.25861846089969304,1742621400,32,Fear
2025-03-23,2593519.67,14047.421585,447,157.7488368670644,0.32662192393736017,14047.421585,0.0,0.0,31.425999071588368,0.19921540910042454,1742707800,30,Fear
2025-03-24,3017587.05,107878.961301,1027,1157.024782283737,0.6153846153846154,109538.543981,1659.58268,66.00366785040201,105.04280555111977,0.0907869970976647,1742794200,45,Neutral
2025-03-25,5372519.77,32030.90678,791,272.71532758680485,0.3615676359039191,37350.67001,5319.76323,7.0211151126739155,40.49419314791403,0.14848521169029194,1742880600,46,Neutral
2025-03-26,7597754.37,15802.167427,3102,91.09493587755279,0.27111540941328177,46257.550243,30455.382816,1.5188628730254603,5.094186791424887,0.055921734203450646,1742967000,47,Neutral
2025-03-27,3240279.46,58825.359221,785,315.07403347375833,0.33375796178343947,59345.919221,520.56,114.00399420047641,74.9367633388535,0.23783858832370194,1743053400,40,Fear
2025-03-28,1483092.61,21337.179335,728,149.5584882417023,0.3173076923076923,21362.299467,25.120131999999998,850.405541937439,29.30931227335165,0.19597224215040682,1743139800,44,Fear
2025-03-29,3668151.83,12098.872931,1894,148.35227843946458,0.3558606124604013,25969.589413,13870.716482,1.8722601277807591,6.38800049155227,0.043059672279714294,1743226200,26,Fear
2025-03-30,2850874.96,15795.11514,568,221.1953359721309,0.16549295774647887,17503.437801,1708.322661,10.245978819220264,27.8083013028169,0.12571829862778192,1743312600,32,Fear
2025-03-31,2164772.4699999997,6978.184557,495,323.1311708660487,0.5232323232323233,15893.300827,8915.11627,1.7827362364843278,14.097342539393939,0.04362730621626681,1743399000,34,Fear
2025-04-01,704445.1900000001,-2202.6622420000003,192,297.0927135926486,0.4583333333333333,7968.744151,10171.406393000001,0.7834456557044185,-11.472199177083334,-0.03861487896607643,1743485400,34,Fear
2025-04-02,3867930.6,202212.740938,1076,783.0878201791388,0.8949814126394052,202212.798362,0.057424,3521398.689781276,187.930056633829,0.23998592723717527,1743571800,44,Fear
2025-04-03,8670233.15,-2365.961276,1748,81.23364439225159,0.2974828375286041,6925.737657000001,9291.698933,0.7453682805415539,-1.353524757437071,-0.016662120326663272,1743658200,25,Fear
2025-04-04,3835545.73,-25515.678949999998,1272,581.2639206142574,0.38757861635220126,28839.275868,54354.954818,0.5305730814157477,-20.05949602987421,-0.034510134413084,1743744600,28,Fear
2025-04-05,1267564.22,35907.33771,360,333.05923440903956,0.5805555555555556,36122.052195,214.714485,168.23295454426372,99.74260475,0.29947407081199034,1743831000,30,Fear
2025-04-06,3551252.06,47053.449272,1048,464.3283247115555,0.31679389312977096,49121.67762,2068.228348,23.750606487673963,44.89832945801527,0.09669521988757948,1743917400,34,Fear
2025-04-07,14460253.14,34527.370305,2814,651.4553059500641,0.23916133617626156,155351.416941,120824.046636,1.2857657168942431,12.269854408315563,0.018834529853773395,1744003800,23,Extreme Fear
2025-04-08,8869391.4,34899.394798,943,299.82321782812363,0.4093319194061506,44413.083941,9513.689143,4.668334572785399,37.00890222481442,0.12343574487960471,1744090200,24,Extreme Fear
2025-04-09,28556806.47,43120.444797,3967,768.8032668175019,0.43055205444920597,279465.510475,236345.065678,1.1824469856110638,10.86978694151752,0.014138580584488832,1744176600,18,Extreme Fear
2025-04-10,28741953.29,158261.822261,2127,528.5261250033769,0.5289139633286318,164045.872236,5784.049975,28.3617660540701,74.40612236060178,0.14078040581272377,1744263000,39,Fear
2025-04-11,11319327.07,126406.479081,1096,1053.703425023061,0.3357664233576642,138855.227093,12448.748012,11.154151964450575,115.33437872354014,0.10945620559315916,1744349400,25,Fear
2025-04-12,55914617.49,410419.694533,2109,3804.4483148577447,0.2721669037458511,418834.512119,8414.817586,49.773451157851405,194.60393292223802,0.051151682666377506,1744435800,43,Fear
2025-04-13,14171154.79,48696.021521,1321,312.0512492817143,0.3618470855412566,56020.644513,7324.622992,7.648263204015566,36.86299888039364,0.1181312331395744,1744522200,45,Neutral
2025-04-14,13079972.98,45680.443063,890,371.3131179694784,0.42247191011235957,52730.614690999995,7050.171628,7.479337734357918,51.32634052022472,0.1382292680659984,1744608600,31,Fear
2025-04-15,20752168.24,72357.706282,1131,509.9926590211078,0.5720601237842617,72418.999665,61.293383000000006,1181.514155696056,63.976751796640144,0.12544641705125456,1744695000,38,Fear
2025-04-16,36502715.9,58631.730257,1608,398.1610312928065,0.3401741293532338,80350.812938,21719.082681,3.6995491070298026,36.46251881654229,0.0915773165901006,1744781400,29,Fear
2025-04-17,2604551.51,5427.919886,1031,35.53346284252171,0.30358874878758485,5746.097218,318.177332,18.059417312607298,5.264713759456837,0.14816213614724683,1744867800,30,Fear
2025-04-18,24610650.46,4880.4047439999995,1894,859.4371749589807,0.5126715945089757,50036.101415,45155.696671,1.1080794917097205,2.576771248152059,0.0029982078076562645,1744954200,33,Fear
2025-04-19,32706462.71,71950.577495,2786,250.8012104737391,0.2921751615218952,73475.69009,1525.112595,48.17722332822253,25.82576363783202,0.10297304223153333,1745040600,32,Fear
2025-04-20,12126094.05,25060.341936,1982,302.1540722308167,0.3985872855701312,38918.302785,13857.960849,2.808371535254292,12.643966668012109,0.04184609055460067,1745127000,37,Fear
2025-04-21,42104054.84,34369.267906999994,1718,542.9010428308851,0.3940628637951106,79348.210613,44978.942706,1.7641190708205616,20.005394590803256,0.03684906274353019,1745213400,39,Fear
2025-04-22,33753625.24,58652.763578,2998,373.4606094578802,0.2961974649766511,79457.467251,20804.703673,3.819206872632297,19.563963835223483,0.052385615349428045,1745299800,47,Neutral
2025-04-23,30682443.79,-419020.225731,6159,1461.7777309431785,0.324728040266277,168525.436039,587545.66177,0.28682951301403836,-68.03380836678032,-0.04654182843713392,1745386200,72,Greed
2025-04-24,35088918.64,50704.395965,2232,155.5360185297309,0.4135304659498208,56875.515083,6171.1191180000005,9.216402081286157,22.717023281810036,0.1460563507832602,1745472600,63,Greed
2025-04-25,27749455.78,20218.859206,1653,77.93985191492679,0.38596491228070173,24700.798412,4481.939206,5.511185510712168,12.231614764670297,0.1569365923099443,1745559000,60,Greed
2025-04-26,11948127.77,-4125.753942,1131,52.04454647609949,0.1724137931034483,4483.060736,8608.814678,0.5207523804010501,-3.6478814694960215,-0.07009152190751138,1745645400,65,Greed
2025-04-27,487537.69,2702.067468,337,45.32483984864426,0.3560830860534125,2868.753917,166.686449,17.210480721201275,8.018004356083086,0.17690088664092474,1745731800,61,Greed
2025-04-28,26124921.49,36906.813759,1379,381.983103446108,0.4169688179840464,74825.017939,37918.20418,1.9733270485015886,26.763461754169686,0.0700645172855024,1745818200,54,Neutral
2025-04-29,34089511.66,125749.613427,2243,420.73601102444695,0.43201069995541685,127950.954155,2201.340728,58.12410251967136,56.06313572313866,0.13325014796482704,1745904600,60,Greed
2025-04-30,12693878.85,14003.797269,1113,64.65423825477585,0.26504941599281223,15370.994539,1367.1972700000001,11.24270423609023,12.582028094339623,0.19460484624007182,1745991000,56,Greed
2025-05-01,10720240.52,54536.829297000004,1230,972.822640253054,0.43089430894308944,169125.933635,114589.104338,1.4759338124865202,44.338885607317074,0.045577563445463695,1746077400,53,Neutral
